Title,Company,Location,Link
Senior Python Developer,N/A,"Stewartbury, AA",https://realpython.github.io/fake-jobs/jobs/senior-python-developer-0.html
Energy engineer,N/A,"Christopherville, AA",https://realpython.github.io/fake-jobs/jobs/energy-engineer-1.html
Legal executive,N/A,"Port Ericaburgh, AA",https://realpython.github.io/fake-jobs/jobs/legal-executive-2.html
Fitness centre manager,N/A,"East Seanview, AP",https://realpython.github.io/fake-jobs/jobs/fitness-centre-manager-3.html
Product manager,N/A,"North Jamieview, AP",https://realpython.github.io/fake-jobs/jobs/product-manager-4.html
Medical technical officer,N/A,"Davidville, AP",https://realpython.github.io/fake-jobs/jobs/medical-technical-officer-5.html
Physiological scientist,N/A,"South Christopher, AE",https://realpython.github.io/fake-jobs/jobs/physiological-scientist-6.html
Textile designer,N/A,"Port Jonathan, AE",https://realpython.github.io/fake-jobs/jobs/textile-designer-7.html
Television floor manager,N/A,"Osbornetown, AE",https://realpython.github.io/fake-jobs/jobs/television-floor-manager-8.html
Waste management officer,N/A,"Scotttown, AP",https://realpython.github.io/fake-jobs/jobs/waste-management-officer-9.html
Software Engineer (Python),N/A,"Ericberg, AE",https://realpython.github.io/fake-jobs/jobs/software-engineer-python-10.html
Interpreter,N/A,"Ramireztown, AE",https://realpython.github.io/fake-jobs/jobs/interpreter-11.html
Architect,N/A,"Figueroaview, AA",https://realpython.github.io/fake-jobs/jobs/architect-12.html
Meteorologist,N/A,"Kelseystad, AA",https://realpython.github.io/fake-jobs/jobs/meteorologist-13.html
Audiological scientist,N/A,"Williamsburgh, AE",https://realpython.github.io/fake-jobs/jobs/audiological-scientist-14.html
English as a second language teacher,N/A,"Mitchellburgh, AE",https://realpython.github.io/fake-jobs/jobs/english-as-a-second-language-teacher-15.html
Surgeon,N/A,"West Jessicabury, AA",https://realpython.github.io/fake-jobs/jobs/surgeon-16.html
Equities trader,N/A,"Maloneshire, AE",https://realpython.github.io/fake-jobs/jobs/equities-trader-17.html
Newspaper journalist,N/A,"Johnsonton, AA",https://realpython.github.io/fake-jobs/jobs/newspaper-journalist-18.html
Materials engineer,N/A,"South Davidtown, AP",https://realpython.github.io/fake-jobs/jobs/materials-engineer-19.html
Python Programmer (Entry-Level),N/A,"Port Sara, AE",https://realpython.github.io/fake-jobs/jobs/python-programmer-entry-level-20.html
Product/process development scientist,N/A,"Marktown, AA",https://realpython.github.io/fake-jobs/jobs/product-process-development-scientist-21.html
"Scientist, research (maths)",N/A,"Laurenland, AE",https://realpython.github.io/fake-jobs/jobs/scientist-research-maths-22.html
Ecologist,N/A,"Lauraton, AP",https://realpython.github.io/fake-jobs/jobs/ecologist-23.html
Materials engineer,N/A,"South Tammyberg, AP",https://realpython.github.io/fake-jobs/jobs/materials-engineer-24.html
Historic buildings inspector/conservation officer,N/A,"North Brandonville, AP",https://realpython.github.io/fake-jobs/jobs/historic-buildings-inspector-conservation-officer-25.html
Data scientist,N/A,"Port Robertfurt, AA",https://realpython.github.io/fake-jobs/jobs/data-scientist-26.html
Psychiatrist,N/A,"Burnettbury, AE",https://realpython.github.io/fake-jobs/jobs/psychiatrist-27.html
Structural engineer,N/A,"Herbertside, AA",https://realpython.github.io/fake-jobs/jobs/structural-engineer-28.html
Immigration officer,N/A,"Christopherport, AP",https://realpython.github.io/fake-jobs/jobs/immigration-officer-29.html
Python Programmer (Entry-Level),N/A,"West Victor, AE",https://realpython.github.io/fake-jobs/jobs/python-programmer-entry-level-30.html
Neurosurgeon,N/A,"Port Aaron, AP",https://realpython.github.io/fake-jobs/jobs/neurosurgeon-31.html
Broadcast engineer,N/A,"Loribury, AA",https://realpython.github.io/fake-jobs/jobs/broadcast-engineer-32.html
Make,N/A,"Angelastad, AP",https://realpython.github.io/fake-jobs/jobs/make-33.html
"Nurse, adult",N/A,"Larrytown, AE",https://realpython.github.io/fake-jobs/jobs/nurse-adult-34.html
Air broker,N/A,"West Colin, AP",https://realpython.github.io/fake-jobs/jobs/air-broker-35.html
"Editor, film/video",N/A,"West Stephanie, AP",https://realpython.github.io/fake-jobs/jobs/editor-film-video-36.html
"Production assistant, radio",N/A,"Laurentown, AP",https://realpython.github.io/fake-jobs/jobs/production-assistant-radio-37.html
"Engineer, communications",N/A,"Wrightberg, AP",https://realpython.github.io/fake-jobs/jobs/engineer-communications-38.html
Sales executive,N/A,"Alberttown, AE",https://realpython.github.io/fake-jobs/jobs/sales-executive-39.html
Software Developer (Python),N/A,"Brockburgh, AE",https://realpython.github.io/fake-jobs/jobs/software-developer-python-40.html
Futures trader,N/A,"North Jason, AE",https://realpython.github.io/fake-jobs/jobs/futures-trader-41.html
Tour manager,N/A,"Arnoldhaven, AE",https://realpython.github.io/fake-jobs/jobs/tour-manager-42.html
Cytogeneticist,N/A,"Lake Destiny, AP",https://realpython.github.io/fake-jobs/jobs/cytogeneticist-43.html
"Designer, multimedia",N/A,"South Timothyburgh, AP",https://realpython.github.io/fake-jobs/jobs/designer-multimedia-44.html
Trade union research officer,N/A,"New Jimmyton, AE",https://realpython.github.io/fake-jobs/jobs/trade-union-research-officer-45.html
"Chemist, analytical",N/A,"New Lucasbury, AP",https://realpython.github.io/fake-jobs/jobs/chemist-analytical-46.html
"Programmer, multimedia",N/A,"Port Cory, AE",https://realpython.github.io/fake-jobs/jobs/programmer-multimedia-47.html
"Engineer, broadcasting (operations)",N/A,"Gileston, AA",https://realpython.github.io/fake-jobs/jobs/engineer-broadcasting-operations-48.html
"Teacher, primary school",N/A,"Cindyshire, AA",https://realpython.github.io/fake-jobs/jobs/teacher-primary-school-49.html
Python Developer,N/A,"East Michaelfort, AA",https://realpython.github.io/fake-jobs/jobs/python-developer-50.html
Manufacturing systems engineer,N/A,"Joybury, AE",https://realpython.github.io/fake-jobs/jobs/manufacturing-systems-engineer-51.html
"Producer, television/film/video",N/A,"Emmatown, AE",https://realpython.github.io/fake-jobs/jobs/producer-television-film-video-52.html
"Scientist, forensic",N/A,"Colehaven, AP",https://realpython.github.io/fake-jobs/jobs/scientist-forensic-53.html
Bonds trader,N/A,"Port Coryton, AE",https://realpython.github.io/fake-jobs/jobs/bonds-trader-54.html
Editorial assistant,N/A,"Amyborough, AA",https://realpython.github.io/fake-jobs/jobs/editorial-assistant-55.html
Photographer,N/A,"Reynoldsville, AA",https://realpython.github.io/fake-jobs/jobs/photographer-56.html
Retail banker,N/A,"Port Billy, AP",https://realpython.github.io/fake-jobs/jobs/retail-banker-57.html
Jewellery designer,N/A,"Adamburgh, AA",https://realpython.github.io/fake-jobs/jobs/jewellery-designer-58.html
Ophthalmologist,N/A,"Wilsonmouth, AA",https://realpython.github.io/fake-jobs/jobs/ophthalmologist-59.html
"Back-End Web Developer (Python, Django)",N/A,"South Kimberly, AA",https://realpython.github.io/fake-jobs/jobs/back-end-web-developer-python-django-60.html
Licensed conveyancer,N/A,"Benjaminland, AP",https://realpython.github.io/fake-jobs/jobs/licensed-conveyancer-61.html
Futures trader,N/A,"Zacharyport, AA",https://realpython.github.io/fake-jobs/jobs/futures-trader-62.html
Counselling psychologist,N/A,"Port Devonville, AE",https://realpython.github.io/fake-jobs/jobs/counselling-psychologist-63.html
Insurance underwriter,N/A,"East Thomas, AE",https://realpython.github.io/fake-jobs/jobs/insurance-underwriter-64.html
"Engineer, automotive",N/A,"New Jeffrey, AP",https://realpython.github.io/fake-jobs/jobs/engineer-automotive-65.html
"Producer, radio",N/A,"Davidside, AA",https://realpython.github.io/fake-jobs/jobs/producer-radio-66.html
Dispensing optician,N/A,"Jamesville, AA",https://realpython.github.io/fake-jobs/jobs/dispensing-optician-67.html
"Designer, fashion/clothing",N/A,"New Kelly, AP",https://realpython.github.io/fake-jobs/jobs/designer-fashion-clothing-68.html
Chartered loss adjuster,N/A,"Lake Antonio, AA",https://realpython.github.io/fake-jobs/jobs/chartered-loss-adjuster-69.html
"Back-End Web Developer (Python, Django)",N/A,"New Elizabethside, AA",https://realpython.github.io/fake-jobs/jobs/back-end-web-developer-python-django-70.html
Forest/woodland manager,N/A,"Millsbury, AE",https://realpython.github.io/fake-jobs/jobs/forest-woodland-manager-71.html
Clinical cytogeneticist,N/A,"Lloydton, AP",https://realpython.github.io/fake-jobs/jobs/clinical-cytogeneticist-72.html
Print production planner,N/A,"Port Jeremy, AA",https://realpython.github.io/fake-jobs/jobs/print-production-planner-73.html
Systems developer,N/A,"New Elizabethtown, AA",https://realpython.github.io/fake-jobs/jobs/systems-developer-74.html
Graphic designer,N/A,"Charlesstad, AE",https://realpython.github.io/fake-jobs/jobs/graphic-designer-75.html
Writer,N/A,"Josephbury, AE",https://realpython.github.io/fake-jobs/jobs/writer-76.html
Field seismologist,N/A,"Seanfurt, AA",https://realpython.github.io/fake-jobs/jobs/field-seismologist-77.html
Chief Strategy Officer,N/A,"Williambury, AA",https://realpython.github.io/fake-jobs/jobs/chief-strategy-officer-78.html
Air cabin crew,N/A,"South Jorgeside, AP",https://realpython.github.io/fake-jobs/jobs/air-cabin-crew-79.html
Python Programmer (Entry-Level),N/A,"Robertborough, AP",https://realpython.github.io/fake-jobs/jobs/python-programmer-entry-level-80.html
Warden/ranger,N/A,"South Saratown, AP",https://realpython.github.io/fake-jobs/jobs/warden-ranger-81.html
Sports therapist,N/A,"Hullview, AA",https://realpython.github.io/fake-jobs/jobs/sports-therapist-82.html
Arts development officer,N/A,"Philipland, AP",https://realpython.github.io/fake-jobs/jobs/arts-development-officer-83.html
Printmaker,N/A,"North Patty, AE",https://realpython.github.io/fake-jobs/jobs/printmaker-84.html
Health and safety adviser,N/A,"North Stephen, AE",https://realpython.github.io/fake-jobs/jobs/health-and-safety-adviser-85.html
Manufacturing systems engineer,N/A,"Stevensland, AP",https://realpython.github.io/fake-jobs/jobs/manufacturing-systems-engineer-86.html
"Programmer, applications",N/A,"Reyesstad, AE",https://realpython.github.io/fake-jobs/jobs/programmer-applications-87.html
Medical physicist,N/A,"Bellberg, AP",https://realpython.github.io/fake-jobs/jobs/medical-physicist-88.html
Media planner,N/A,"North Johnland, AE",https://realpython.github.io/fake-jobs/jobs/media-planner-89.html
Software Developer (Python),N/A,"Martinezburgh, AE",https://realpython.github.io/fake-jobs/jobs/software-developer-python-90.html
"Surveyor, land/geomatics",N/A,"Joshuatown, AE",https://realpython.github.io/fake-jobs/jobs/surveyor-land-geomatics-91.html
Legal executive,N/A,"West Ericstad, AA",https://realpython.github.io/fake-jobs/jobs/legal-executive-92.html
"Librarian, academic",N/A,"Tuckertown, AE",https://realpython.github.io/fake-jobs/jobs/librarian-academic-93.html
Barrister,N/A,"Perezton, AE",https://realpython.github.io/fake-jobs/jobs/barrister-94.html
Museum/gallery exhibitions officer,N/A,"Lake Abigail, AE",https://realpython.github.io/fake-jobs/jobs/museum-gallery-exhibitions-officer-95.html
"Radiographer, diagnostic",N/A,"Jacobshire, AP",https://realpython.github.io/fake-jobs/jobs/radiographer-diagnostic-96.html
Database administrator,N/A,"Port Susan, AE",https://realpython.github.io/fake-jobs/jobs/database-administrator-97.html
Furniture designer,N/A,"North Tiffany, AA",https://realpython.github.io/fake-jobs/jobs/furniture-designer-98.html
Ship broker,N/A,"Michelleville, AP",https://realpython.github.io/fake-jobs/jobs/ship-broker-99.html
